{
  "properties": {
    "activities": [
      {
        "type": "Copy",
        "typeProperties": {
          "source": {
            "type": "BinarySource",
            "formatSettings": {
              "type": "BinaryReadSettings"
            },
            "storeSettings": {
              "type": "AzureBlobFSReadSettings",
              "recursive": true
            },
            "datasetSettings": {
              "type": "Binary",
              "typeProperties": {
                "location": {
                  "type": "AzureBlobFSLocation",
                  "fileSystem": "realstate",
                  "folderPath": "raw_data",
                  "fileName": "brokers.csv"
                }
              },
              "externalReferences": {
                "connection": "c8dde77c-aafe-4360-b49f-288c467fd373"
              },
              "annotations": []
            }
          },
          "sink": {
            "type": "BinarySink",
            "storeSettings": {
              "type": "LakehouseWriteSettings"
            },
            "datasetSettings": {
              "type": "Binary",
              "typeProperties": {
                "location": {
                  "type": "LakehouseLocation",
                  "folderPath": "Bronze"
                }
              },
              "linkedService": {
                "name": "LKH_PROYECTO_DATAPATH_AGC",
                "properties": {
                  "type": "Lakehouse",
                  "typeProperties": {
                    "artifactId": "a5642336-bd63-407f-a021-46aa4ce01974",
                    "workspaceId": "f397882e-0f39-4c30-9877-bb64c3f38997",
                    "rootFolder": "Files"
                  },
                  "annotations": []
                }
              },
              "annotations": []
            }
          },
          "enableStaging": false
        },
        "policy": {
          "timeout": "0.12:00:00",
          "retry": 0,
          "retryIntervalInSeconds": 30,
          "secureInput": false,
          "secureOutput": false
        },
        "name": "CP_EXTRACT_BROKERS_ADLS",
        "state": "Inactive",
        "onInactiveMarkAs": "Succeeded",
        "dependsOn": []
      },
      {
        "type": "Copy",
        "typeProperties": {
          "source": {
            "type": "BinarySource",
            "formatSettings": {
              "type": "BinaryReadSettings"
            },
            "storeSettings": {
              "type": "AzureBlobFSReadSettings",
              "recursive": true
            },
            "datasetSettings": {
              "type": "Binary",
              "typeProperties": {
                "location": {
                  "type": "AzureBlobFSLocation",
                  "fileSystem": "realstate",
                  "folderPath": "raw_data",
                  "fileName": "campaigns.csv"
                }
              },
              "externalReferences": {
                "connection": "c8dde77c-aafe-4360-b49f-288c467fd373"
              },
              "annotations": []
            }
          },
          "sink": {
            "type": "BinarySink",
            "storeSettings": {
              "type": "LakehouseWriteSettings"
            },
            "datasetSettings": {
              "type": "Binary",
              "typeProperties": {
                "location": {
                  "type": "LakehouseLocation",
                  "folderPath": "Bronze"
                }
              },
              "linkedService": {
                "name": "LKH_PROYECTO_DATAPATH_AGC",
                "properties": {
                  "type": "Lakehouse",
                  "typeProperties": {
                    "artifactId": "a5642336-bd63-407f-a021-46aa4ce01974",
                    "workspaceId": "f397882e-0f39-4c30-9877-bb64c3f38997",
                    "rootFolder": "Files"
                  },
                  "annotations": []
                }
              },
              "annotations": []
            }
          },
          "enableStaging": false
        },
        "policy": {
          "timeout": "0.12:00:00",
          "retry": 0,
          "retryIntervalInSeconds": 30,
          "secureInput": false,
          "secureOutput": false
        },
        "name": "CP_EXTRACT_COMPAIGN_ADLS",
        "state": "Inactive",
        "onInactiveMarkAs": "Succeeded",
        "dependsOn": [
          {
            "activity": "CP_EXTRACT_BROKERS_ADLS",
            "dependencyConditions": [
              "Skipped"
            ]
          }
        ]
      },
      {
        "type": "Copy",
        "typeProperties": {
          "source": {
            "type": "BinarySource",
            "formatSettings": {
              "type": "BinaryReadSettings"
            },
            "storeSettings": {
              "type": "AzureBlobFSReadSettings",
              "recursive": true
            },
            "datasetSettings": {
              "type": "Binary",
              "typeProperties": {
                "location": {
                  "type": "AzureBlobFSLocation",
                  "fileSystem": "realstate",
                  "folderPath": "raw_data",
                  "fileName": "clients.csv"
                }
              },
              "externalReferences": {
                "connection": "c8dde77c-aafe-4360-b49f-288c467fd373"
              },
              "annotations": []
            }
          },
          "sink": {
            "type": "BinarySink",
            "storeSettings": {
              "type": "LakehouseWriteSettings"
            },
            "datasetSettings": {
              "type": "Binary",
              "typeProperties": {
                "location": {
                  "type": "LakehouseLocation",
                  "folderPath": "Bronze"
                }
              },
              "linkedService": {
                "name": "LKH_PROYECTO_DATAPATH_AGC",
                "properties": {
                  "type": "Lakehouse",
                  "typeProperties": {
                    "artifactId": "a5642336-bd63-407f-a021-46aa4ce01974",
                    "workspaceId": "f397882e-0f39-4c30-9877-bb64c3f38997",
                    "rootFolder": "Files"
                  },
                  "annotations": []
                }
              },
              "annotations": []
            }
          },
          "enableStaging": false
        },
        "policy": {
          "timeout": "0.12:00:00",
          "retry": 0,
          "retryIntervalInSeconds": 30,
          "secureInput": false,
          "secureOutput": false
        },
        "name": "CP_EXTRACT_CLIENT_ADLS",
        "state": "Inactive",
        "onInactiveMarkAs": "Succeeded",
        "dependsOn": [
          {
            "activity": "CP_EXTRACT_COMPAIGN_ADLS",
            "dependencyConditions": [
              "Skipped"
            ]
          }
        ]
      },
      {
        "type": "Copy",
        "typeProperties": {
          "source": {
            "type": "BinarySource",
            "formatSettings": {
              "type": "BinaryReadSettings"
            },
            "storeSettings": {
              "type": "AzureBlobFSReadSettings",
              "recursive": true
            },
            "datasetSettings": {
              "type": "Binary",
              "typeProperties": {
                "location": {
                  "type": "AzureBlobFSLocation",
                  "fileSystem": "realstate",
                  "folderPath": "raw_data",
                  "fileName": "leads.csv"
                }
              },
              "externalReferences": {
                "connection": "c8dde77c-aafe-4360-b49f-288c467fd373"
              },
              "annotations": []
            }
          },
          "sink": {
            "type": "BinarySink",
            "storeSettings": {
              "type": "LakehouseWriteSettings"
            },
            "datasetSettings": {
              "type": "Binary",
              "typeProperties": {
                "location": {
                  "type": "LakehouseLocation",
                  "folderPath": "Bronze"
                }
              },
              "linkedService": {
                "name": "LKH_PROYECTO_DATAPATH_AGC",
                "properties": {
                  "type": "Lakehouse",
                  "typeProperties": {
                    "artifactId": "a5642336-bd63-407f-a021-46aa4ce01974",
                    "workspaceId": "f397882e-0f39-4c30-9877-bb64c3f38997",
                    "rootFolder": "Files"
                  },
                  "annotations": []
                }
              },
              "annotations": []
            }
          },
          "enableStaging": false
        },
        "policy": {
          "timeout": "0.12:00:00",
          "retry": 0,
          "retryIntervalInSeconds": 30,
          "secureInput": false,
          "secureOutput": false
        },
        "name": "CP_EXTRACT_LEAD_ADLS",
        "state": "Inactive",
        "onInactiveMarkAs": "Succeeded",
        "dependsOn": [
          {
            "activity": "CP_EXTRACT_PROJECT_ADLS",
            "dependencyConditions": [
              "Skipped"
            ]
          }
        ]
      },
      {
        "type": "Copy",
        "typeProperties": {
          "source": {
            "type": "BinarySource",
            "formatSettings": {
              "type": "BinaryReadSettings"
            },
            "storeSettings": {
              "type": "AzureBlobFSReadSettings",
              "recursive": true
            },
            "datasetSettings": {
              "type": "Binary",
              "typeProperties": {
                "location": {
                  "type": "AzureBlobFSLocation",
                  "fileSystem": "realstate",
                  "folderPath": "raw_data",
                  "fileName": "projects.csv"
                }
              },
              "externalReferences": {
                "connection": "c8dde77c-aafe-4360-b49f-288c467fd373"
              },
              "annotations": []
            }
          },
          "sink": {
            "type": "BinarySink",
            "storeSettings": {
              "type": "LakehouseWriteSettings"
            },
            "datasetSettings": {
              "type": "Binary",
              "typeProperties": {
                "location": {
                  "type": "LakehouseLocation",
                  "folderPath": "Bronze"
                }
              },
              "linkedService": {
                "name": "LKH_PROYECTO_DATAPATH_AGC",
                "properties": {
                  "type": "Lakehouse",
                  "typeProperties": {
                    "artifactId": "a5642336-bd63-407f-a021-46aa4ce01974",
                    "workspaceId": "f397882e-0f39-4c30-9877-bb64c3f38997",
                    "rootFolder": "Files"
                  },
                  "annotations": []
                }
              },
              "annotations": []
            }
          },
          "enableStaging": false
        },
        "policy": {
          "timeout": "0.12:00:00",
          "retry": 0,
          "retryIntervalInSeconds": 30,
          "secureInput": false,
          "secureOutput": false
        },
        "name": "CP_EXTRACT_PROJECT_ADLS",
        "state": "Inactive",
        "onInactiveMarkAs": "Succeeded",
        "dependsOn": [
          {
            "activity": "CP_EXTRACT_PROPERTY_ADLS",
            "dependencyConditions": [
              "Skipped"
            ]
          }
        ]
      },
      {
        "type": "Copy",
        "typeProperties": {
          "source": {
            "type": "BinarySource",
            "formatSettings": {
              "type": "BinaryReadSettings"
            },
            "storeSettings": {
              "type": "AzureBlobFSReadSettings",
              "recursive": true
            },
            "datasetSettings": {
              "type": "Binary",
              "typeProperties": {
                "location": {
                  "type": "AzureBlobFSLocation",
                  "fileSystem": "realstate",
                  "folderPath": "raw_data",
                  "fileName": "properties.csv"
                }
              },
              "externalReferences": {
                "connection": "c8dde77c-aafe-4360-b49f-288c467fd373"
              },
              "annotations": []
            }
          },
          "sink": {
            "type": "BinarySink",
            "storeSettings": {
              "type": "LakehouseWriteSettings"
            },
            "datasetSettings": {
              "type": "Binary",
              "typeProperties": {
                "location": {
                  "type": "LakehouseLocation",
                  "folderPath": "Bronze"
                }
              },
              "linkedService": {
                "name": "LKH_PROYECTO_DATAPATH_AGC",
                "properties": {
                  "type": "Lakehouse",
                  "typeProperties": {
                    "artifactId": "a5642336-bd63-407f-a021-46aa4ce01974",
                    "workspaceId": "f397882e-0f39-4c30-9877-bb64c3f38997",
                    "rootFolder": "Files"
                  },
                  "annotations": []
                }
              },
              "annotations": []
            }
          },
          "enableStaging": false
        },
        "policy": {
          "timeout": "0.12:00:00",
          "retry": 0,
          "retryIntervalInSeconds": 30,
          "secureInput": false,
          "secureOutput": false
        },
        "name": "CP_EXTRACT_PROPERTY_ADLS",
        "state": "Inactive",
        "onInactiveMarkAs": "Succeeded",
        "dependsOn": [
          {
            "activity": "CP_EXTRACT_CLIENT_ADLS",
            "dependencyConditions": [
              "Skipped"
            ]
          }
        ]
      },
      {
        "type": "Copy",
        "typeProperties": {
          "source": {
            "type": "BinarySource",
            "formatSettings": {
              "type": "BinaryReadSettings"
            },
            "storeSettings": {
              "type": "AzureBlobFSReadSettings",
              "recursive": true
            },
            "datasetSettings": {
              "type": "Binary",
              "typeProperties": {
                "location": {
                  "type": "AzureBlobFSLocation",
                  "fileSystem": "realstate",
                  "folderPath": "raw_data",
                  "fileName": "sales.csv"
                }
              },
              "externalReferences": {
                "connection": "c8dde77c-aafe-4360-b49f-288c467fd373"
              },
              "annotations": []
            }
          },
          "sink": {
            "type": "BinarySink",
            "storeSettings": {
              "type": "LakehouseWriteSettings"
            },
            "datasetSettings": {
              "type": "Binary",
              "typeProperties": {
                "location": {
                  "type": "LakehouseLocation",
                  "folderPath": "Bronze"
                }
              },
              "linkedService": {
                "name": "LKH_PROYECTO_DATAPATH_AGC",
                "properties": {
                  "type": "Lakehouse",
                  "typeProperties": {
                    "artifactId": "a5642336-bd63-407f-a021-46aa4ce01974",
                    "workspaceId": "f397882e-0f39-4c30-9877-bb64c3f38997",
                    "rootFolder": "Files"
                  },
                  "annotations": []
                }
              },
              "annotations": []
            }
          },
          "enableStaging": false
        },
        "policy": {
          "timeout": "0.12:00:00",
          "retry": 0,
          "retryIntervalInSeconds": 30,
          "secureInput": false,
          "secureOutput": false
        },
        "name": "CP_EXTRACT_SALES_ADSL",
        "state": "Inactive",
        "onInactiveMarkAs": "Succeeded",
        "dependsOn": [
          {
            "activity": "CP_EXTRACT_LEAD_ADLS",
            "dependencyConditions": [
              "Skipped"
            ]
          }
        ]
      },
      {
        "type": "Copy",
        "typeProperties": {
          "source": {
            "type": "BinarySource",
            "formatSettings": {
              "type": "BinaryReadSettings"
            },
            "storeSettings": {
              "type": "AzureBlobFSReadSettings",
              "recursive": true
            },
            "datasetSettings": {
              "type": "Binary",
              "typeProperties": {
                "location": {
                  "type": "AzureBlobFSLocation",
                  "fileSystem": "realstate",
                  "folderPath": "raw_data"
                }
              },
              "externalReferences": {
                "connection": "c8dde77c-aafe-4360-b49f-288c467fd373"
              },
              "annotations": []
            }
          },
          "sink": {
            "type": "BinarySink",
            "storeSettings": {
              "type": "LakehouseWriteSettings"
            },
            "datasetSettings": {
              "type": "Binary",
              "typeProperties": {
                "location": {
                  "type": "LakehouseLocation",
                  "folderPath": "Raw"
                }
              },
              "linkedService": {
                "name": "LKH_PROYECTO_DATAPATH_AGC",
                "properties": {
                  "type": "Lakehouse",
                  "typeProperties": {
                    "artifactId": "4ce01974-46aa-a021-407f-bd63a5642336",
                    "workspaceId": "00000000-0000-0000-0000-000000000000",
                    "rootFolder": "Files"
                  },
                  "annotations": []
                }
              },
              "annotations": []
            }
          },
          "enableStaging": false
        },
        "policy": {
          "timeout": "0.12:00:00",
          "retry": 0,
          "retryIntervalInSeconds": 30,
          "secureInput": false,
          "secureOutput": false
        },
        "name": "CP_EXTRACT_ALL_CSV_RAW",
        "dependsOn": []
      }
    ]
  }
}