{
  "config": "{\"version\":\"5.66\",\"themeCollection\":{\"baseTheme\":{\"name\":\"CY24SU10\",\"type\":2,\"version\":{\"visual\":\"1.8.95\",\"report\":\"2.0.95\",\"page\":\"1.3.95\"}}},\"activeSectionIndex\":0,\"defaultDrillFilterOtherVisuals\":true,\"linguisticSchemaSyncVersion\":0,\"settings\":{\"useNewFilterPaneExperience\":true,\"allowChangeFilterTypes\":true,\"useStylableVisualContainerHeader\":true,\"queryLimitOption\":6,\"useEnhancedTooltips\":true,\"exportDataMode\":1,\"useDefaultAggregateDisplayName\":true},\"objects\":{\"section\":[{\"properties\":{\"verticalAlignment\":{\"expr\":{\"Literal\":{\"Value\":\"'Top'\"}}}}}]}}",
  "layoutOptimization": 0,
  "resourcePackages": [
    {
      "resourcePackage": {
        "disabled": false,
        "items": [
          {
            "name": "CY24SU10",
            "path": "BaseThemes/CY24SU10.json",
            "type": 202
          }
        ],
        "name": "SharedResources",
        "type": 2
      }
    }
  ],
  "sections": [
    {
      "config": "{}",
      "displayName": "Página 1",
      "displayOption": 1,
      "filters": "[]",
      "height": 720.00,
      "name": "33eca8d50304317b83d5",
      "visualContainers": [
        {
          "config": "{\"name\":\"339b511dc9205020e733\",\"layouts\":[{\"id\":0,\"position\":{\"x\":9.930178432893715,\"y\":333.65399534522885,\"z\":2,\"width\":479.62761830876644,\"height\":324.7168347556245,\"tabOrder\":2}}],\"singleVisual\":{\"visualType\":\"barChart\",\"projections\":{\"Category\":[{\"queryRef\":\"dim_client.FirstName\",\"active\":true}],\"Y\":[{\"queryRef\":\"Sum(fact_sales.SalePriceUSD)\"}]},\"prototypeQuery\":{\"Version\":2,\"From\":[{\"Name\":\"d\",\"Entity\":\"dim_client\",\"Type\":0},{\"Name\":\"f\",\"Entity\":\"fact_sales\",\"Type\":0}],\"Select\":[{\"Column\":{\"Expression\":{\"SourceRef\":{\"Source\":\"d\"}},\"Property\":\"FirstName\"},\"Name\":\"dim_client.FirstName\",\"NativeReferenceName\":\"FirstName\"},{\"Aggregation\":{\"Expression\":{\"Column\":{\"Expression\":{\"SourceRef\":{\"Source\":\"f\"}},\"Property\":\"SalePriceUSD\"}},\"Function\":0},\"Name\":\"Sum(fact_sales.SalePriceUSD)\",\"NativeReferenceName\":\"Suma de SalePriceUSD\"}],\"OrderBy\":[{\"Direction\":2,\"Expression\":{\"Aggregation\":{\"Expression\":{\"Column\":{\"Expression\":{\"SourceRef\":{\"Source\":\"f\"}},\"Property\":\"SalePriceUSD\"}},\"Function\":0}}}]},\"drillFilterOtherVisuals\":true,\"hasDefaultSort\":true}}",
          "filters": "[]",
          "height": 324.72,
          "width": 479.63,
          "x": 9.93,
          "y": 333.65,
          "z": 2.00
        },
        {
          "config": "{\"name\":\"544505dd50e0060d1202\",\"layouts\":[{\"id\":0,\"position\":{\"x\":406.14429790535297,\"y\":0,\"z\":1,\"width\":517.3622963537625,\"height\":339.61210240496507,\"tabOrder\":1}}],\"singleVisual\":{\"visualType\":\"lineStackedColumnComboChart\",\"projections\":{\"Y\":[{\"queryRef\":\"Sum(fact_sales.SalePriceUSD)\"}],\"Category\":[{\"queryRef\":\"fact_sales.SaleDate\",\"active\":true}]},\"prototypeQuery\":{\"Version\":2,\"From\":[{\"Name\":\"f\",\"Entity\":\"fact_sales\",\"Type\":0}],\"Select\":[{\"Aggregation\":{\"Expression\":{\"Column\":{\"Expression\":{\"SourceRef\":{\"Source\":\"f\"}},\"Property\":\"SalePriceUSD\"}},\"Function\":0},\"Name\":\"Sum(fact_sales.SalePriceUSD)\",\"NativeReferenceName\":\"Suma de SalePriceUSD\"},{\"Column\":{\"Expression\":{\"SourceRef\":{\"Source\":\"f\"}},\"Property\":\"SaleDate\"},\"Name\":\"fact_sales.SaleDate\",\"NativeReferenceName\":\"SaleDate\"}],\"OrderBy\":[{\"Direction\":1,\"Expression\":{\"Column\":{\"Expression\":{\"SourceRef\":{\"Source\":\"f\"}},\"Property\":\"SaleDate\"}}}]},\"drillFilterOtherVisuals\":true,\"hasDefaultSort\":true}}",
          "filters": "[]",
          "height": 339.61,
          "width": 517.36,
          "x": 406.14,
          "y": 0.00,
          "z": 1.00
        },
        {
          "config": "{\"name\":\"bd512bbb0c7a73342022\",\"layouts\":[{\"id\":0,\"position\":{\"x\":9.930178432893715,\"y\":0,\"z\":0,\"width\":383.30488750969744,\"height\":323.7238169123351,\"tabOrder\":0}}],\"singleVisual\":{\"visualType\":\"columnChart\",\"projections\":{\"Category\":[{\"queryRef\":\"dim_property.PropertyType\",\"active\":true}],\"Y\":[{\"queryRef\":\"Sum(fact_sales.SalePriceUSD)\"}]},\"prototypeQuery\":{\"Version\":2,\"From\":[{\"Name\":\"d\",\"Entity\":\"dim_property\",\"Type\":0},{\"Name\":\"f\",\"Entity\":\"fact_sales\",\"Type\":0}],\"Select\":[{\"Column\":{\"Expression\":{\"SourceRef\":{\"Source\":\"d\"}},\"Property\":\"PropertyType\"},\"Name\":\"dim_property.PropertyType\",\"NativeReferenceName\":\"PropertyType\"},{\"Aggregation\":{\"Expression\":{\"Column\":{\"Expression\":{\"SourceRef\":{\"Source\":\"f\"}},\"Property\":\"SalePriceUSD\"}},\"Function\":0},\"Name\":\"Sum(fact_sales.SalePriceUSD)\",\"NativeReferenceName\":\"Suma de SalePriceUSD\"}],\"OrderBy\":[{\"Direction\":2,\"Expression\":{\"Aggregation\":{\"Expression\":{\"Column\":{\"Expression\":{\"SourceRef\":{\"Source\":\"f\"}},\"Property\":\"SalePriceUSD\"}},\"Function\":0}}}]},\"drillFilterOtherVisuals\":true,\"hasDefaultSort\":true}}",
          "filters": "[]",
          "height": 323.72,
          "width": 383.30,
          "x": 9.93,
          "y": 0.00,
          "z": 0.00
        }
      ],
      "width": 1280.00
    }
  ]
}